gen,evals,dataset_i,avg,std,min,max
1,98,0,[-90.02172536  17.70099572],[ 29.9355509  232.02326468],[-100. -100.],[1.82409965e-02 2.31513938e+03]
2,100,0,[-88.03521535  23.08770396],[ 32.40217501 232.19489027],[-100. -100.],[4.71758551e-01 2.31513938e+03]
3,96,0,[-86.00331053  50.24391171],[ 34.69099653 325.95905644],[-100. -100.],[4.71758551e-01 2.31513938e+03]
4,92,0,[-80.02017654  50.56292421],[ 39.96041587 326.00858891],[-100. -100.],[4.71758551e-01 2.31513938e+03]
5,99,0,[-77.01451065  59.70388926],[ 42.05748171 328.93396241],[-100. -100.],[5.59330089e-01 2.31513938e+03]
6,96,0,[-72.00331268  65.60359819],[ 44.89538405 329.27019738],[-100. -100.],[6.07611464e-01 2.31513938e+03]
7,95,0,[-64.97672526  97.42184369],[ 47.72993107 398.48332962],[-100. -100.],[2.15335219e+00 2.31513938e+03]
8,96,0,[-56.96696742 125.01357233],[ 49.54684907 454.9372629 ],[-100. -100.],[2.15335219e+00 2.31513938e+03]
9,98,1,[-49.93103517  31.02257995],[ 50.06997549 281.92384957],[-100. -100.],[1.63751162e+00 2.24388701e+03]
10,95,1,[-21.84882543  23.06463592],[ 41.5068839 290.3031928],[-100. -100.],[1.63751162e+00 2.24388701e+03]
11,93,1,[ -1.74861428 104.84065439],[ 14.04519518 450.04975395],[-100. -100.],[   2.93703854 2243.88700792]
12,95,1,[ -1.62378632 202.55159394],[ 14.06542439 496.35641669],[-100. -100.],[   2.93703854 2243.88700792]
13,93,1,[ -1.42579195 306.69507469],[ 14.09382564 496.65691136],[-100. -100.],[   2.93703854 2243.88700792]
14,90,1,[  0.69325281 393.36571407],[  0.59246822 524.66739376],[0.00022535 0.0800641 ],[   2.93703854 2243.88700792]
15,100,1,[  0.7978286  394.54817366],[  0.63369912 526.72676852],[0.00055796 0.0800641 ],[   2.93703854 2243.88700792]
16,99,1,[  0.78269585 422.90579573],[  0.63941411 519.98533128],[0.00055796 0.0800641 ],[   2.93703854 2243.88700792]
17,94,2,[-46.54113325  11.35530396],[50.34538338 94.01847194],[-100. -100.],[  2.4077118  709.86095958]
18,96,2,[-9.92086364 62.45917711],[ 31.67616498 186.6566416 ],[-100. -100.],[   2.9402038  1080.21227865]
19,95,2,[ 1.55266156 78.97251906],[  0.63968802 201.75752345],[0.03067731 0.09371695],[   3.21486225 1080.21227865]
20,99,2,[  1.63584377 105.02022065],[  0.7414024  252.47245554],[0.03067731 0.41710119],[   3.21486225 1521.09004345]
21,96,2,[  1.59525223 133.49578432],[  0.87163304 260.0585343 ],[0.0304624  0.48658887],[   3.21486225 1521.09004345]
22,93,2,[  1.3064241 178.1351845],[  0.95246964 265.15915128],[0.0304624  2.84421144],[   3.21486225 1521.09004345]
23,95,2,[  1.38859283 219.20585816],[  0.93967567 293.91753161],[ 0.03743785 13.3683587 ],[   3.21486225 1521.09004345]
24,97,2,[  1.34815227 269.91126576],[  0.96510036 322.21248781],[0.03743785 4.48323003],[   3.38559882 1521.09004345]
25,96,0,[ 1.13136042 97.31944123],[  0.95449956 136.97572356],[0.00192632 1.04069389],[  3.51345086 744.37294394]
26,96,0,[  1.1227543  147.09827506],[  0.95826812 183.66965979],[0.00192632 1.52465257],[  3.51345086 937.83514242]
27,95,0,[  1.10258446 211.63892879],[  0.98690273 306.77100471],[0.0092368  1.52465257],[   3.51345086 2031.71685396]
28,95,0,[  1.02440952 302.01670371],[  0.99330025 396.87104337],[0.0092368  1.52465257],[   3.51345086 2031.71685396]
29,96,0,[  0.97305994 460.24726698],[  1.05659146 664.52829246],[0.00574143 1.53768066],[   4.173708   3652.55982395]
30,95,0,[  1.0297204  526.61769479],[  1.14493893 707.80764731],[8.22826097e-04 2.05754639e+00],[   4.77156787 3652.55982395]
31,95,0,[  1.10415777 612.94188357],[  1.19818397 962.68623733],[0.00574143 3.02208373],[4.77156787e+00 5.04882627e+03]
32,97,0,[  1.18106154 668.50660791],[   1.26603394 1076.59140981],[0.00593706 3.02208373],[4.77156787e+00 5.04882627e+03]
33,96,1,[ -1.37405938 -25.22300679],[14.11829762 80.54200914],[-100. -100.],[  3.73421717 293.88349556]
34,93,1,[-0.84064888 40.66919346],[14.19661316 71.58501826],[-100. -100.],[  3.97375178 293.88349556]
35,92,1,[ 1.47645297 78.60444797],[  0.99285689 208.46522685],[0.03807618 0.6520359 ],[   3.97375178 2014.72117335]
36,95,1,[  1.63523883 111.92718823],[  1.08033212 284.13596025],[0.03807618 0.6520359 ],[   3.97375178 2014.72117335]
37,98,1,[  1.61795104 147.77820338],[  1.16035316 340.89001051],[0.02503365 1.4569942 ],[   3.97375178 2014.72117335]
38,97,1,[  1.67769631 177.85431867],[  1.32030515 353.180577  ],[5.63893604e-63 1.45699420e+00],[   3.97375178 2014.72117335]
39,95,1,[  1.77378918 209.03787781],[  1.38472438 397.58960653],[5.63893604e-63 1.77411044e+00],[   4.99162035 2014.72117335]
40,92,1,[  1.76179947 250.18545427],[  1.4231546  437.35311996],[5.63893604e-63 1.77411044e+00],[   4.99162035 2014.72117335]
41,97,2,[ 1.40144618 35.69205639],[ 0.98339206 51.3940138 ],[   0. -100.],[  4.58300003 304.66147919]
42,98,2,[ 1.71180616 58.2508825 ],[ 1.04652708 60.08753343],[0.00809579 1.63943296],[  4.58300003 304.66147919]
43,96,2,[ 1.78307214 75.14473165],[ 1.09655848 73.31908523],[0.00809579 1.68834632],[  4.58300003 380.79082827]
44,95,2,[ 2.02825217 92.44499562],[  1.14086864 102.42173315],[0.00809579 1.82569525],[  4.58300003 458.36446385]
45,99,2,[  2.18823844 108.1927449 ],[  1.23528318 115.40879798],[0.00809579 1.82569525],[  4.95061698 458.36446385]
46,95,2,[  2.35726053 117.88131323],[  1.15703621 132.20935225],[0.12195306 2.05012656],[  4.95061698 466.54841838]
47,99,2,[  2.26975029 158.07019659],[  1.16644616 158.8661104 ],[0.01332396 2.05012656],[  4.95061698 681.56619003]
48,98,2,[  2.41684642 162.09608387],[  1.12556712 174.46770146],[0.01332396 2.05012656],[  4.95061698 681.56619003]
49,96,0,[ 2.26784994 47.77261218],[ 1.38776142 71.83445259],[1.07964939e-06 9.78048907e-01],[  5.34510735 598.73451059]
50,93,0,[ 2.27701177 77.98524006],[  1.55271494 137.40720529],[3.09998598e-04 9.55333634e-01],[   5.71072828 1193.72825527]
51,97,0,[  2.21267235 121.12830501],[  1.62579774 230.7787444 ],[3.02319562e-04 1.33873069e+00],[   5.71072828 1673.31668714]
52,98,0,[  2.20963099 152.58737071],[  1.5771705  280.73435883],[3.02319562e-04 1.34853404e+00],[   5.71072828 1673.31668714]
53,99,0,[  2.32758753 179.306866  ],[  1.6360043  324.69213461],[4.39870736e-05 1.34853404e+00],[   6.26078126 1673.31668714]
54,96,0,[  2.3558178  249.50916513],[  1.73660673 543.70602674],[4.39870736e-05 1.34853404e+00],[   6.59191567 4325.52131656]
55,98,0,[  2.5109316  451.32650402],[   1.75447147 1709.5658804 ],[3.02319562e-04 1.34853404e+00],[6.59191567e+00 1.54668875e+04]
56,97,0,[  2.59417004 590.7816461 ],[1.82842682e+00 1.84889446e+03],[2.36837564e-04 1.34853404e+00],[6.59191567e+00 1.54668875e+04]
57,96,1,[ 0.86722386 -5.40583306],[ 1.41654961 98.63720462],[-4.46524847e-02 -1.00000000e+02],[  5.39337812 560.77208955]
58,95,1,[ 1.51354771 50.62316848],[ 1.59366913 65.31278238],[0.00286833 1.7670859 ],[  5.76860016 560.77208955]
59,92,1,[ 2.14894975 75.16058097],[ 1.63668911 80.08144377],[0.00286833 2.80188786],[  6.89008519 560.77208955]
60,95,1,[ 2.5471457  93.43964653],[ 1.73915057 99.67040659],[0.02172384 2.80188786],[  7.59487734 560.77208955]
61,98,1,[  2.6864671  117.90935951],[  1.86576558 144.73016753],[0.02464102 3.45210565],[   7.59487734 1025.12896428]
62,93,1,[  2.51546408 150.75386807],[  1.84919677 161.33341295],[0.02464102 4.07039459],[   7.59487734 1025.12896428]
63,98,1,[  2.68027147 180.50363581],[  1.91649442 202.18550926],[0.02043762 5.24281526],[   8.10245005 1025.12896428]
64,94,1,[  2.74978061 208.15046462],[  1.93768559 254.99674957],[0.0139432  3.76335524],[   8.10245005 1371.93341695]
65,97,2,[ 0.57059915 27.56395883],[  0.69787901 121.08482381],[  -0.12102994 -100.        ],[  3.36515948 500.42867506]
66,96,2,[ 1.00966016 86.31014667],[  0.83059525 102.13160693],[0.01974901 3.34254863],[  5.7954991  500.42867506]
67,99,2,[  1.34452469 120.25700653],[  0.90397413 121.12626703],[0.0894612  2.27282565],[  5.7954991  695.00455888]
68,98,2,[  1.601593   126.72486922],[  1.01774013 128.12955661],[0.0894612  1.46884791],[  5.7954991  695.00455888]
69,95,2,[  1.84431301 147.83095149],[  1.20780312 147.33758495],[0.1001201  1.46884791],[  5.7954991  695.00455888]
70,99,2,[  2.15322158 167.89719566],[  1.38129354 204.92137003],[0.34846227 2.76326113],[  5.7954991  957.96409688]
71,98,2,[  2.18757937 200.73973603],[  1.49368931 230.63625926],[0.34846227 2.76326113],[   5.7954991  1024.47191942]
72,94,2,[  2.3552174 205.1136834],[  1.59856335 243.89939293],[0.35586213 3.99083039],[   5.7954991  1024.47191942]
73,95,0,[ 2.55862613 64.9107017 ],[  1.59585608 104.46873147],[1.61010086e-06 1.35743498e+00],[  5.7292497  840.92820515]
74,97,0,[ 2.73143471 97.03344679],[  1.7565018  144.67110022],[8.48245487e-06 7.71740638e-01],[  6.03880005 840.92820515]
75,96,0,[  2.68019214 130.90126074],[  1.8985389  164.63499866],[0.00099131 0.70738463],[  6.47498794 840.92820515]
76,97,0,[  2.81099473 146.99943159],[  1.77404232 193.63446971],[0.00681161 0.77174064],[   7.07045228 1150.67700946]
77,98,0,[  2.60550133 245.62935449],[  1.80683649 745.36665784],[0.00681161 0.77174064],[7.07045228e+00 7.38866440e+03]
78,97,0,[  2.40218917 411.93476228],[   1.7664845  1308.52642211],[1.59355632e-03 5.24026661e+00],[7.43764369e+00 1.07563356e+04]
79,99,0,[  2.60661464 513.26548885],[   1.86181487 1665.86775963],[1.59355632e-03 5.24026661e+00],[7.43764369e+00 1.07563356e+04]
80,96,0,[  2.83671289 516.76381097],[   1.96482759 1670.84667385],[1.59355632e-03 5.38908806e+00],[7.43764369e+00 1.07563356e+04]
81,94,1,[ 0.42520115 50.26847651],[  0.65629242 209.2310445 ],[-4.23808317e-02 -1.00000000e+02],[   3.11885548 1120.70759565]
82,94,1,[ -0.20062403 109.36790005],[ 10.07600978 193.62749767],[-100. -100.],[   5.55475728 1120.70759565]
83,98,1,[  1.56898401 155.42926656],[  1.47110913 196.73766193],[1.78429926e-05 2.65514586e+00],[   7.06378137 1120.70759565]
84,96,1,[  2.07753641 195.44405585],[  1.76967663 212.94414597],[1.78429926e-05 2.65514586e+00],[   7.06378137 1120.70759565]
85,94,1,[  2.4191129  229.87371863],[  2.04466622 228.14985775],[1.78429926e-05 3.68831160e+00],[   8.53448772 1120.70759565]
86,94,1,[  2.58695351 305.50213857],[  2.1575279  635.85077882],[1.78429926e-05 7.64293119e+00],[   8.53448772 6162.43030369]
87,97,1,[  2.54879351 383.34592188],[  2.18406861 693.81890859],[1.99765866e-05 4.45471197e+00],[   8.53448772 6162.43030369]
88,99,1,[  2.80747709 397.65763416],[  2.35834664 700.53287814],[1.99765866e-05 4.45471197e+00],[   8.53448772 6162.43030369]
89,99,2,[ -1.44510609 -24.11766804],[14.11420137 76.09751647],[-100. -100.],[  6.51318926 251.62641043]
90,98,2,[ 1.099282   48.51173936],[ 1.0809439  67.70251885],[0.01898503 0.66617386],[  6.51318926 485.40302427]
91,97,2,[ 1.56003123 78.45956414],[  1.18444804 158.16148309],[0.15185828 0.66617386],[   6.51318926 1476.888278  ]
92,96,2,[  1.76089493 103.69401661],[  1.28083558 161.93873729],[0.14121479 2.09606231],[   6.51318926 1476.888278  ]
93,96,2,[  2.05561992 119.77645993],[  1.32380203 168.08819945],[0.14121479 2.09606231],[   6.51318926 1476.888278  ]
94,100,2,[  2.31746446 137.33323663],[  1.5307714 170.2952572],[0.14121479 2.09606231],[   6.51318926 1476.888278  ]
95,98,2,[  2.38894809 168.48928799],[  1.64161952 219.38367581],[0.06677333 2.09606231],[   6.51318926 1476.888278  ]
96,96,2,[  2.61529929 176.40875131],[  1.74481813 249.04001726],[0.06677333 2.2351669 ],[   6.51318926 1476.888278  ]
97,94,0,[ 3.07244722 74.2853675 ],[ 1.42215361 81.02682857],[0.24501265 1.46298561],[  5.84505727 344.42300574]
98,96,0,[  2.94213532 106.63230786],[  1.31483985 106.96038657],[0.17431126 2.60528215],[  6.0648768  627.03273656]
99,97,0,[  2.97678062 167.14376446],[  1.51035931 356.05987429],[0.00624563 2.60528215],[   6.56132486 2941.41211807]
100,92,0,[  2.95000279 255.00780872],[  1.69813537 687.00637036],[0.00501551 4.11308686],[   7.13544839 6014.02271963]
101,89,0,[  2.88879335 308.67720497],[  1.88288576 719.70693076],[0.00624563 4.11308686],[   7.13544839 6014.02271963]
102,98,0,[  2.94242725 310.94933459],[  1.87777201 721.25287727],[0.00624563 5.24245558],[   7.16271965 6014.02271963]
103,97,0,[  3.0710276  354.02932451],[  2.14055635 770.8639052 ],[0.00624563 4.65962629],[   7.37734048 6014.02271963]
104,96,0,[  3.1961617  346.44817623],[  2.04090176 810.99314546],[4.26758726e-03 4.65962629e+00],[   7.37734048 6014.02271963]
105,100,1,[  2.19824648 198.47641632],[  1.64682301 232.35521073],[0.2694551  4.27809116],[   6.57621262 1087.35429456]
106,96,1,[  2.59448313 280.5481438 ],[  2.07034565 282.66604695],[0.30265124 4.35617391],[   6.85411762 1507.57421292]
107,91,1,[  2.77298901 352.29367037],[  2.1749787  434.85713635],[0.30265124 4.35617391],[   6.85411762 3105.41963586]
108,100,1,[  2.94826554 416.34305186],[  2.35896841 514.55878726],[0.28905542 3.84877734],[   8.8085302  3105.41963586]
109,92,1,[  2.97110753 470.28463304],[  2.4440165  592.03986582],[0.28905542 4.35617391],[   8.89882127 3105.41963586]
110,98,1,[  3.05899697 506.48136294],[  2.50248388 654.62732652],[0.28905542 4.87147557],[   8.89882127 3105.41963586]
111,94,1,[  2.94960573 550.76919097],[  2.40617388 724.39008263],[0.28905542 6.87572429],[   8.89882127 3105.41963586]
112,98,1,[  2.80883735 610.38046903],[  2.33597697 765.53100992],[ 0.28905542 14.43939711],[  10.24666189 3105.41963586]
113,96,2,[  0.76978272 112.69589132],[  0.68088125 149.52154549],[0.05572673 1.6914141 ],[  4.53642666 889.44964649]
114,97,2,[  1.10953012 169.41917517],[  0.80007329 172.29697822],[0.27128363 2.41354936],[  4.57107044 889.44964649]
115,97,2,[  1.38597179 239.02234697],[  1.03407016 214.94962018],[ 0.27399947 10.98063101],[  4.97593547 889.44964649]
116,95,2,[  1.53062415 263.54357225],[  1.15402834 225.17296093],[ 0.13950531 24.53940375],[  4.97593547 889.44964649]
117,92,2,[  1.62187086 275.5699279 ],[  1.2208779 232.6888785],[ 0.41756786 22.15394855],[  5.16347507 889.44964649]
118,95,2,[  1.89454538 255.40026919],[  1.33801678 239.29361024],[ 0.34249758 20.55004701],[  5.16347507 889.44964649]
119,95,2,[  2.09576164 247.75361431],[  1.44563072 238.07278656],[ 0.34249758 19.56835564],[  5.16347507 889.44964649]
120,89,2,[  2.4710032  237.36070734],[  1.54915571 250.81199998],[ 0.46675398 19.4449485 ],[  5.16347507 889.44964649]
121,94,0,[  2.75571643 100.33632104],[  1.2676073  151.14174046],[2.48628263e-03 7.66422081e+00],[   5.49158643 1238.50387691]
122,93,0,[  2.71842214 153.84523011],[  1.39070345 305.65695398],[2.25398699e-03 8.51026355e+00],[   5.49158643 2580.74315058]
123,92,0,[  2.63486859 200.31800873],[  1.43660478 385.20748917],[2.48628263e-03 9.87738422e+00],[   5.71830928 2580.74315058]
124,98,0,[  2.80945124 369.2922245 ],[   1.60959786 1450.59059474],[3.35320723e-03 9.87738422e+00],[5.71830928e+00 1.40881894e+04]
125,92,0,[  2.81087161 369.51097817],[   1.61497733 1470.75613836],[0.01159717 2.76936334],[7.22963465e+00 1.40881894e+04]
126,94,0,[  2.8972919  434.11012531],[1.66310587e+00 1.67348053e+03],[0.0149613  2.53888491],[7.22963465e+00 1.40881894e+04]
127,93,0,[  2.74349783 531.09630953],[   1.78936492 1723.7207458 ],[0.0149613  2.53888491],[7.22963465e+00 1.40881894e+04]
128,94,0,[  2.57953464 785.80165644],[1.82338212e+00 2.40882445e+03],[2.09518098e-03 3.09716906e+00],[7.41583128e+00 1.68629535e+04]
129,97,1,[ 1.4276701  42.23727074],[  2.22639921 142.8735156 ],[-8.41089875e-02 -1.00000000e+02],[  8.75943519 609.26409998]
130,97,1,[  2.45014516 114.45771723],[  2.44425672 134.03173611],[7.07139563e-04 2.46775444e+00],[  8.75943519 609.26409998]
131,96,1,[  3.03190417 150.8743112 ],[  2.68416033 157.69427529],[0.26115323 4.47624371],[ 10.27059147 609.26409998]
132,98,1,[  3.17874676 170.53332235],[  2.65704748 173.52082124],[0.29358003 6.35741942],[ 10.27059147 609.26409998]
133,95,1,[  3.54546838 175.88698329],[  2.64508332 184.49585773],[0.25844047 7.46496214],[ 10.27059147 609.26409998]
134,99,1,[  3.53224929 203.23313582],[  2.69943289 247.34109022],[0.30157573 7.72757375],[  10.27059147 1718.12893279]
135,97,1,[  3.32998682 253.2748984 ],[  2.64679028 338.18017016],[8.21784522e-05 8.08365133e+00],[  10.27059147 2254.68683311]
136,99,1,[  3.52186512 258.83427316],[  2.74955188 354.181788  ],[8.21784522e-05 8.62650845e+00],[  10.27059147 2254.68683311]
137,98,2,[  1.26767624 164.34360468],[  0.7334875  127.93175255],[0.18585752 3.18152615],[  4.27263283 491.51862559]
138,97,2,[  1.61649998 216.59399062],[  1.02913507 162.91582608],[0.18585752 3.18152615],[  4.27263283 835.01856574]
139,95,2,[  1.72272998 252.29869879],[  1.16085898 185.75346981],[0.24768652 6.4595006 ],[  4.27263283 905.27390579]
140,95,2,[  1.87389809 276.30390938],[  1.23405656 237.74903584],[0.23623801 6.4595006 ],[   4.70434797 1077.48743167]
141,98,2,[  1.96676404 306.11660208],[  1.26189382 298.31280783],[0.21368322 6.4595006 ],[   4.70434797 1741.34824365]
142,94,2,[  2.11257546 309.34943828],[  1.27935014 312.57493519],[ 0.17458196 20.99019143],[   4.70434797 1741.34824365]
143,98,2,[  2.00017518 386.79366494],[  1.38217127 372.85181406],[ 0.17458196 20.99019143],[   4.70434797 1902.31267335]
144,97,2,[  2.07769794 431.84566783],[  1.44609813 452.67037759],[ 0.20639591 27.57340372],[   4.78439503 1998.89468203]
145,98,0,[ 2.95189262 72.17422216],[ 1.23696339 62.32696189],[7.88583167e-03 9.55836049e+00],[  5.33842787 332.1739161 ]
146,98,0,[ 2.9824925  85.65338703],[ 1.32766243 81.8117238 ],[0.08081456 6.39255615],[  5.73750358 443.7988554 ]
147,97,0,[  2.89310385 102.00039461],[ 1.36187515 96.54395387],[0.08081456 3.71348262],[  5.73750358 443.7988554 ]
148,98,0,[  2.79610061 124.39675924],[  1.51624198 116.81243974],[0.02884588 6.39255615],[  5.73750358 469.32164354]
149,98,0,[  2.59021643 295.17159047],[   1.56428525 1460.40266115],[0.03766982 3.48465856],[6.17442417e+00 1.47714595e+04]
150,92,0,[  2.65842616 381.4213428 ],[   1.80481454 1545.03163293],[7.36351161e-06 3.48465856e+00],[6.96559467e+00 1.47714595e+04]
151,94,0,[  2.95107495 360.31944635],[   1.69287166 1546.75478719],[7.36351161e-06 3.53294222e+00],[6.96559467e+00 1.47714595e+04]
152,90,0,[  2.91594635 516.58535072],[1.78636901e+00 2.10751578e+03],[7.36351161e-06 4.23588216e+00],[6.96559467e+00 1.47714595e+04]
153,98,1,[0.45083551 1.63277107],[ 10.32899688 126.81008507],[-100. -100.],[  8.12063499 650.81923544]
154,94,1,[ 2.85434605 76.63923913],[  2.45568327 132.28928846],[0.23903176 0.41397392],[  8.12063499 650.81923544]
155,98,1,[  3.08666755 126.63517978],[  2.71307173 205.58491111],[1.71759905e-03 3.55980232e+00],[   8.23778143 1270.07965954]
156,94,1,[  3.34901877 163.23654759],[  2.75914345 241.77700943],[1.71759905e-03 4.31967521e+00],[   8.23778143 1270.07965954]
157,99,1,[  3.46895206 196.8706908 ],[  2.74496732 292.63014145],[2.89123018e-03 4.12304715e+00],[   8.23778143 1756.19734699]
158,95,1,[  3.63526392 228.47683141],[  2.66682576 332.57606546],[2.89123018e-03 8.50823085e+00],[   8.23778143 1756.19734699]
159,96,1,[  3.93131068 255.53620163],[  2.71390043 347.22362781],[2.89123018e-03 8.73188046e+00],[   8.23778143 1756.19734699]
160,96,1,[  4.02374596 277.41784758],[  2.71553368 380.16127304],[2.01183553e-04 8.94217962e+00],[   8.23778143 1769.5250213 ]
161,96,2,[  1.09082552 226.57268304],[  0.72959112 241.72709408],[0.14506279 6.99423   ],[  4.32935037 910.21323582]
162,95,2,[  1.33798421 358.98593146],[  0.94183796 316.17730271],[0.27988093 8.60972307],[   4.32935037 1615.6469639 ]
163,95,2,[  1.46478795 408.2456099 ],[  1.07367776 335.15468231],[ 0.24318721 19.37430577],[   4.32935037 1615.6469639 ]
164,96,2,[  1.51516251 426.63427045],[  1.09256901 341.3263122 ],[ 0.24318721 15.97218922],[   4.32935037 1615.6469639 ]
165,96,2,[  1.62276244 432.63472005],[  1.14885274 371.5765493 ],[0.24318721 1.54985922],[   4.32935037 1615.6469639 ]
166,95,2,[  1.69759744 467.07313254],[  1.20805672 420.87698487],[0.24318721 1.54985922],[   4.32935037 1615.6469639 ]
167,99,2,[  1.7783915  486.67503324],[  1.21581633 472.40856163],[0.27626347 1.54985922],[   4.32935037 1834.7640896 ]
168,97,2,[  1.88751631 482.92936496],[  1.2364373  513.12639732],[0.27626347 1.76797869],[   4.32935037 2121.20607965]
169,94,0,[  2.62449652 252.7996564 ],[  1.28295607 989.24365486],[3.39949961e-04 1.32785825e+00],[5.66604775e+00 9.35501581e+03]
170,97,0,[  2.5964379  308.22086699],[   1.50833269 1023.52879888],[3.39949961e-04 2.04991208e+00],[5.98150669e+00 9.35501581e+03]
171,95,0,[  2.40612972 399.42060711],[   1.54363333 1180.99466544],[0.00875211 2.73582854],[7.38847270e+00 9.35501581e+03]
172,96,0,[  2.34316363 561.93313161],[1.34466144e+00 1.97487877e+03],[ 0.03541883 15.13999504],[7.38847270e+00 1.04813797e+04]
173,95,0,[  2.39774418 779.09207522],[1.55789654e+00 2.41202954e+03],[ 0.03541883 15.13999504],[7.38847270e+00 1.04813797e+04]
174,95,0,[  2.39065782 987.42010876],[1.74459749e+00 2.72608414e+03],[ 0.03541883 15.13999504],[7.38847270e+00 1.04813797e+04]
175,94,0,[   2.22822528 1396.80202629],[1.78848016e+00 3.45674509e+03],[8.13521166e-04 1.51399950e+01],[7.38847270e+00 1.80923239e+04]
176,92,0,[2.03061801e+00 2.14724912e+03],[1.80005010e+00 4.42564958e+03],[8.13521166e-04 3.47539741e+00],[7.38847270e+00 2.17918085e+04]
177,95,1,[-1.02088554 84.41856719],[ 14.18220227 172.24304288],[-100. -100.],[  5.31934179 850.82672876]
178,99,1,[  1.59822578 144.9175997 ],[  1.08298157 151.75404918],[0.13536369 9.52023824],[  5.31934179 850.82672876]
179,97,1,[  1.94451815 176.24115583],[  1.17426604 166.29276307],[0.13536369 9.52023824],[  5.59823091 850.82672876]
180,97,1,[  2.16541531 232.66905106],[  1.17617476 244.28686421],[0.29964822 9.52023824],[   5.59823091 1373.96689775]
181,97,1,[  2.2068913  315.27101246],[  1.28117061 436.46660755],[ 0.24993076 10.89487803],[   5.59823091 3709.72240116]
182,94,1,[  2.32823903 367.02220313],[  1.43499088 461.92130401],[0.24993076 3.1275075 ],[   6.44184016 3709.72240116]
183,96,1,[  2.42259488 377.17872542],[  1.43389984 478.71014292],[0.24993076 3.1275075 ],[   6.44184016 3709.72240116]
184,98,1,[  2.49901729 384.95677201],[  1.54149397 489.71741123],[0.201561  3.1275075],[   7.35854149 3709.72240116]
185,93,2,[  1.3041897  279.06791589],[  0.8501094 241.5354843],[0.16736297 6.78751972],[   3.75650153 1476.888278  ]
186,94,2,[  1.34826735 382.36038177],[  0.89320902 444.78371044],[ 0.19170518 10.10125257],[   3.75650153 3729.78279517]
187,91,2,[  1.42155849 437.02507341],[  0.99065654 449.27805735],[ 0.19170518 10.10125257],[   3.75650153 3729.78279517]
188,96,2,[  1.62973439 482.83386396],[  1.08532981 570.48129053],[ 0.19170518 10.10125257],[   3.75650153 3729.78279517]
189,99,2,[  1.7984148  508.04272376],[  1.08316822 646.08800683],[ 0.19170518 10.10125257],[   3.75650153 3729.78279517]
190,97,2,[  2.00627571 464.09343932],[  1.12109911 637.99569122],[ 0.19170518 21.54498223],[   3.75650153 3729.78279517]
191,96,2,[  2.27285718 406.22895397],[  1.04574387 665.42729947],[0.75311566 3.13298935],[   4.57302767 3729.78279517]
192,98,2,[  2.16974556 513.09674942],[  1.07203519 820.88149829],[0.75311566 3.13298935],[   4.57302767 3729.78279517]
193,96,0,[  2.3298956 305.6582262],[   1.17608541 1131.56978776],[2.89553294e-04 1.43574192e+00],[4.63836812e+00 1.04813797e+04]
194,97,0,[  2.19174339 611.31111858],[1.39094424e+00 1.85070748e+03],[2.89553294e-04 1.65656268e+00],[5.83023733e+00 1.04813797e+04]
195,93,0,[  2.31828749 949.36505944],[1.55863301e+00 2.57572234e+03],[0.01195263 3.50126306],[8.46433050e+00 1.04813797e+04]
196,88,0,[   2.43636616 1074.34144844],[1.86503941e+00 2.74100815e+03],[0.01195263 6.05736947],[8.46433050e+00 1.04813797e+04]
197,95,0,[   2.46548648 1148.34729684],[1.97417981e+00 3.01358802e+03],[0.00745905 4.60990449],[8.46433050e+00 1.32986637e+04]
198,95,0,[   2.2991922  1588.24344293],[2.06309745e+00 3.51318326e+03],[1.71173717e-04 4.60990449e+00],[8.46433050e+00 1.32986637e+04]
199,95,0,[   2.32650328 1841.67922534],[2.28092897e+00 3.78974279e+03],[1.71173717e-04 4.60990449e+00],[8.46433050e+00 1.32986637e+04]
200,95,0,[1.89948029e+00 1.97350897e+03],[1.95226253e+00 3.87720785e+03],[0.00772921 5.97878178],[8.70604387e+00 1.52594894e+04]
201,98,1,[1.51478017e-01 1.98370703e+02],[ 10.12895508 209.9571358 ],[-100. -100.],[  5.73561598 979.85662506]
202,98,1,[  1.71297341 300.17484797],[  0.95858014 208.21460857],[0.30137118 3.35826483],[  5.73561598 979.85662506]
203,96,1,[  2.12300909 342.81734448],[  0.9543993  271.05446204],[0.50730707 3.35826483],[   6.52511451 1417.19545776]
204,99,1,[  2.24405208 389.0373389 ],[  1.09257625 303.97038834],[0.31211046 3.35826483],[   6.52511451 1417.19545776]
205,95,1,[  2.20799475 427.72418087],[  1.12283929 332.20629984],[ 0.14544328 13.33964034],[   6.52511451 1712.50462387]
206,95,1,[  2.14495494 466.0116951 ],[  1.07841812 379.96204543],[ 0.1432548  15.33725457],[   6.52511451 1837.19206589]
207,98,1,[  2.12986506 490.24140294],[  1.08953132 419.46910424],[ 0.1432548  15.33725457],[   6.52511451 1837.19206589]
208,97,1,[  2.16379114 532.08305061],[  1.14565805 528.33329363],[ 0.1432548  15.33725457],[   6.52511451 3234.26010441]
209,95,2,[  1.59085154 250.77393173],[  0.79644694 180.18485887],[ 0.08194939 13.40973637],[  4.90188834 842.09001356]
210,100,2,[  1.76020923 297.95473318],[  0.94134253 194.54050408],[ 0.04072834 14.64605865],[  4.90188834 842.09001356]
211,98,2,[  1.78686947 321.19195376],[  1.03405624 207.65387712],[ 0.08194939 19.08302145],[  4.90188834 842.09001356]
212,92,2,[  1.85449804 329.39067875],[  1.11535171 223.059639  ],[ 0.08194939 25.67223796],[  4.90188834 842.09001356]
213,98,2,[  1.73625991 362.91866883],[  1.06730068 219.78135072],[ 0.08194939 27.62434972],[  5.58419264 842.09001356]
214,95,2,[  1.90181258 333.265948  ],[  1.10361079 220.31866458],[ 0.08194939 28.54310169],[   5.58419264 1073.63028963]
215,99,2,[  1.98202734 316.0130589 ],[  1.0731878 206.6735012],[ 0.46337841 28.54310169],[   5.58419264 1073.63028963]
216,95,2,[  1.97991082 322.54563781],[  1.06952449 219.11142578],[ 0.46337841 34.84617294],[   5.69160798 1073.63028963]
217,95,0,[  2.80204531 444.74988612],[1.47520379e+00 1.70727153e+03],[1.62561143e-04 1.23332076e+01],[7.83843706e+00 1.05040323e+04]
218,99,0,[  2.66387512 464.73787428],[1.32155917e+00 1.76867230e+03],[1.62561143e-04 1.91485191e+01],[7.83843706e+00 1.05040323e+04]
219,95,0,[  2.82067345 545.68312519],[1.19563146e+00 2.03394997e+03],[1.62561143e-04 1.91485191e+01],[7.83843706e+00 1.05040323e+04]
220,96,0,[  2.99838484 361.19880462],[1.20299275e+00 1.65327108e+03],[ 0.03484976 19.14851906],[7.83843706e+00 1.31884264e+04]
221,93,0,[  2.91100351 605.24841177],[1.31794830e+00 2.31088546e+03],[ 0.03484976 19.14851906],[7.83843706e+00 1.31884264e+04]
222,96,0,[  2.95051353 603.74997126],[1.34755217e+00 2.31118015e+03],[ 0.03484976 19.14851906],[7.83843706e+00 1.31884264e+04]
223,94,0,[  2.99772747 606.22566129],[1.40407599e+00 2.31103814e+03],[ 0.03484976 19.14851906],[7.83843706e+00 1.31884264e+04]
224,97,0,[  2.96105084 606.85285297],[1.35396098e+00 2.31078697e+03],[ 0.03484976 19.14851906],[7.83843706e+00 1.31884264e+04]
225,96,1,[  1.94683654 443.07506455],[  0.5580083  312.31098583],[ 0.56549893 29.02215756],[   4.00150822 1596.05916091]
226,94,1,[  2.02694518 446.914414  ],[  0.49201554 310.97804307],[ 1.12562428 29.02215756],[   4.00150822 1596.05916091]
227,95,1,[  1.98450007 522.09422867],[  0.56683317 348.45735912],[ 1.12562428 29.02215756],[   4.25753681 1672.59984513]
228,96,1,[  2.02165396 544.95280372],[  0.6616074 373.9385541],[ 1.12562428 29.02215756],[   4.25753681 1672.59984513]
229,99,1,[  2.08752323 577.72619179],[  0.82312222 440.59815407],[ 0.73193685 16.30994819],[   4.43354274 1721.25589663]
230,96,1,[  2.16471848 561.69900134],[  0.87886392 465.13260939],[ 0.74173282 16.30994819],[   4.43354274 1804.83599965]
231,95,1,[  2.33089707 547.38812472],[  1.02472208 509.86032189],[0.78103752 7.83225897],[   4.90958836 1851.6551676 ]
232,94,1,[  2.30387354 630.01323462],[  1.13206233 578.5025326 ],[0.72827642 4.33096904],[   5.99852853 1906.52685654]
233,95,2,[  1.64227858 250.42060618],[  0.9204368  156.42931223],[ 0.49614244 21.5992448 ],[  3.64021216 661.50295563]
234,93,2,[  1.67849453 287.69701242],[  0.96907321 189.76108815],[0.46951426 7.03133465],[  3.65356844 791.30007789]
235,95,2,[  1.56852831 339.62853929],[  0.99157828 217.48953447],[0.16774471 7.79277409],[   3.767813   1141.18781398]
236,98,2,[  1.41730064 424.955318  ],[  1.0269212  347.88971008],[0.08374077 7.79277409],[   3.82161523 2962.7552535 ]
237,100,2,[  1.42375638 433.62281096],[  1.00266126 347.85521062],[ 0.08374077 53.66906065],[   3.82161523 2962.7552535 ]
238,96,2,[  1.58965254 412.60943956],[  1.01086157 371.52056771],[ 0.08374077 53.66906065],[   3.82161523 2962.7552535 ]
239,96,2,[  1.73559844 383.04333042],[  1.00767552 367.70631598],[ 0.08374077 53.66906065],[   3.82161523 2962.7552535 ]
240,94,2,[  1.80574296 368.0138028 ],[  1.06439725 367.54394704],[ 0.08374077 53.66906065],[   3.82161523 2962.7552535 ]
241,94,0,[  2.63074559 295.12091299],[   1.26377566 1109.60186473],[1.92018568e-04 6.64920995e-01],[4.83268454e+00 1.04813797e+04]
242,88,0,[  2.72631412 506.40606331],[1.44854093e+00 1.80600190e+03],[1.92018568e-04 9.17951427e-01],[6.61697620e+00 1.04813797e+04]
243,96,0,[  2.76213917 628.37874849],[1.53106282e+00 2.06804906e+03],[0.01512105 1.13160773],[6.61697620e+00 1.04813797e+04]
244,96,0,[   2.53655016 1016.14850181],[1.62893129e+00 3.13565046e+03],[1.71427451e-04 1.25480588e+00],[6.64011573e+00 1.91078966e+04]
245,98,0,[   2.41526212 1161.9674123 ],[1.58836966e+00 3.35583878e+03],[1.71427451e-04 1.99963505e+00],[6.72046297e+00 1.91078966e+04]
246,96,0,[   2.1804393  1631.52151082],[1.58554772e+00 4.15133188e+03],[8.29936504e-05 1.99963505e+00],[6.72046297e+00 1.91078966e+04]
247,96,0,[   2.16431355 1998.81247929],[1.71704135e+00 4.73587024e+03],[1.71427451e-04 1.99963505e+00],[6.72046297e+00 1.91117634e+04]
248,92,0,[   2.26982824 1121.41407584],[1.5567399e+00 3.6522579e+03],[2.17453332e-04 2.14607941e+00],[7.01128096e+00 2.14004361e+04]
249,96,1,[  1.48089528 945.91649191],[  0.750158   586.59056075],[0.32216541 2.50114019],[   5.04861684 1905.5504668 ]
250,94,1,[  1.58237655 992.49334143],[  0.82529162 591.62437632],[0.3013408  2.50114019],[   5.04861684 2306.30789575]
251,97,1,[  1.63428941 974.38132179],[  0.86593953 599.78832485],[0.3013408  2.50114019],[   5.04861684 2306.30789575]
252,97,1,[  1.75095745 975.0024833 ],[  1.05282617 648.10967187],[0.3013408  2.50114019],[   5.04861684 2630.77766825]
253,98,1,[  1.79546375 986.55188279],[  1.09897915 663.57000241],[0.3013408  2.50114019],[   5.04861684 2630.77766825]
254,99,1,[   1.72579439 1006.46033462],[  0.96735926 694.1860718 ],[0.29721925 2.58239048],[   5.07618974 2630.77766825]
255,94,1,[   1.60167411 1070.30924288],[  0.75869657 677.10823779],[0.29721925 5.79076342],[   5.09918385 2630.77766825]
256,93,1,[   1.64341344 1036.29494456],[  0.74221066 649.66532741],[0.70960729 5.79076342],[   5.09918385 2630.77766825]
257,98,2,[  1.24782247 345.2907962 ],[  0.77418174 214.12043138],[ 0.08926663 11.472174  ],[   3.35404464 1639.20612946]
258,98,2,[  1.28466756 360.54080078],[  0.80569326 209.77306851],[ 0.08926663 11.472174  ],[   3.35404464 1639.20612946]
259,94,2,[  1.37008959 367.0119926 ],[  0.82139174 213.78963265],[ 0.08926663 11.472174  ],[   3.35404464 1639.20612946]
260,96,2,[  1.44661072 375.9355442 ],[  0.89777769 232.54799676],[0.08926663 7.96714692],[   3.66897021 1639.20612946]
261,97,2,[  1.62179711 359.28723301],[  0.96233422 254.25682585],[ 0.08926663 10.15761689],[   3.66897021 1639.20612946]
262,97,2,[  1.62976131 369.99124509],[  0.96964988 263.14863725],[ 0.08926663 10.15761689],[   3.66897021 1639.20612946]
263,94,2,[  1.69058334 381.24042156],[  0.96396307 306.74482204],[ 0.08926663 10.15761689],[   3.66897021 1639.20612946]
264,97,2,[  1.74346909 373.64151308],[  0.99128092 306.23596894],[0.08926663 4.64258564],[   3.66897021 1639.20612946]
265,94,0,[  2.05844543 697.78338901],[1.18081703e+00 4.10142639e+03],[0.005343   4.03779248],[5.80180252e+00 4.06498491e+04]
266,95,0,[  2.06120839 937.02023844],[1.28101850e+00 4.34244913e+03],[0.005343   4.03779248],[5.80180252e+00 4.06498491e+04]
267,87,0,[   1.98403022 1836.70193849],[1.36079127e+00 7.38174638e+03],[2.42860723e-03 6.73833789e+00],[5.80180252e+00 4.58798764e+04]
268,96,0,[2.05667798e+00 3.32378409e+03],[1.51867897e+00 9.62396051e+03],[1.23473176e-03 7.28303930e+00],[6.64547353e+00 4.58798764e+04]
269,99,0,[1.95891141e+00 2.45951188e+03],[1.36865773e+00 8.02060980e+03],[2.42860723e-03 1.30645775e+01],[6.64547353e+00 4.58798764e+04]
270,96,0,[1.99332389e+00 4.22636834e+03],[1.50207094e+00 1.06872685e+04],[2.42860723e-03 1.45298647e+01],[6.68116007e+00 4.58798764e+04]
271,92,0,[2.15324036e+00 5.83184432e+03],[1.81655524e+00 1.20640794e+04],[0.00242861 1.13679236],[6.68116007e+00 4.58798764e+04]
272,97,0,[2.10683305e+00 4.80112170e+03],[1.74230279e+00 1.06939216e+04],[3.72636006e-03 1.52088366e+01],[6.82478620e+00 4.76171856e+04]
273,96,1,[  0.3110919  261.57067974],[ 10.12773414 294.06265795],[-100. -100.],[   5.58529874 1265.0459258 ]
274,93,1,[  1.65902877 374.72118116],[  0.90710398 324.05623992],[0.02051517 9.94280173],[   5.58529874 1265.0459258 ]
275,94,1,[  1.93049722 456.52115687],[  0.70527942 348.63890126],[0.78841246 9.94280173],[   5.58529874 1265.0459258 ]
276,98,1,[  1.95481838 520.74521524],[  0.83476755 389.97671359],[0.19206793 5.4553465 ],[   6.28844305 1987.56786636]
277,95,1,[  2.0629549  526.92663497],[  0.934356   442.21448682],[0.7222813 5.4553465],[   6.49848944 2209.0912238 ]
278,90,1,[  2.11689455 539.92735026],[  0.95261612 475.29980768],[0.7222813 5.4553465],[   6.49848944 2209.0912238 ]
279,91,1,[  2.01101853 597.61345027],[  0.91928682 463.97642842],[0.7222813  5.86827081],[   6.49848944 2209.0912238 ]
280,94,1,[  1.92772649 694.80793282],[  0.99755542 505.49255103],[0.30919535 5.86827081],[   6.49848944 2652.76099535]
281,96,2,[  1.1999966  360.09403889],[  0.46737403 116.6139154 ],[  0.55411087 112.61491509],[  1.93629836 867.42934963]
282,95,2,[  1.29481108 387.45745298],[  0.51361552 146.72105564],[ 0.07770861 40.64362627],[  2.24968564 921.75403797]
283,99,2,[  1.42856483 383.33244156],[  0.50986017 185.55850843],[ 0.07770861 38.47281406],[  2.44402448 921.75403797]
284,97,2,[  1.55608653 378.85816618],[  0.51311426 215.1083997 ],[ 0.15089642 29.77147901],[   3.15280049 1030.79494623]
285,99,2,[  1.61524553 374.76761871],[  0.49553726 194.46330512],[ 0.55411087 47.27148958],[   3.15280049 1030.79494623]
286,95,2,[  1.58672571 395.55797863],[  0.57634782 223.25082305],[ 0.55411087 47.27148958],[   3.15280049 1030.79494623]
287,100,2,[  1.54454109 421.7459885 ],[  0.55861904 238.93361079],[ 0.55183213 40.54077131],[   3.15280049 1049.51807222]
288,99,2,[  1.59773607 408.10991994],[  0.54821134 231.72165059],[ 0.32355471 40.54077131],[   3.15280049 1049.51807222]
289,94,0,[  2.40078315 304.30771824],[6.42213410e-01 1.36840644e+03],[4.36254479e-04 1.66793778e+01],[3.82395141e+00 1.03747647e+04]
290,98,0,[  2.35107081 696.03129348],[9.33981731e-01 2.13372240e+03],[1.77573134e-04 1.66793778e+01],[3.82395141e+00 1.03747647e+04]
291,98,0,[   2.19074624 1376.95756227],[9.78298526e-01 3.45337720e+03],[1.96052605e-04 1.13256072e+01],[4.08243041e+00 2.01708157e+04]
292,99,0,[2.04206099e+00 2.28828787e+03],[1.23999275e+00 4.78298748e+03],[1.96052605e-04 1.07202720e+01],[6.81720441e+00 2.37596608e+04]
293,97,0,[1.96968961e+00 2.55522902e+03],[1.27128268e+00 5.20884283e+03],[6.41211628e-04 5.90738058e+00],[6.81720441e+00 3.20602625e+04]
294,92,0,[2.05726037e+00 2.19433535e+03],[1.25380463e+00 5.41154292e+03],[8.76060257e-04 1.07202720e+01],[6.81720441e+00 3.20602625e+04]
295,99,0,[2.01420369e+00 3.12835177e+03],[1.50112497e+00 6.91987221e+03],[8.76060257e-04 1.07202720e+01],[6.81720441e+00 3.20602625e+04]
296,93,0,[2.27213738e+00 2.52535759e+03],[1.37106648e+00 7.25661129e+03],[8.76060257e-04 1.07202720e+01],[6.81720441e+00 3.20602625e+04]
297,98,1,[  1.86329482 448.10127376],[  0.36049544 224.96967958],[ 0.90550862 96.77282875],[   2.5549503  1236.85433961]
298,99,1,[  1.88203846 485.91662194],[  0.35680842 251.47472596],[ 0.82661529 20.70060423],[   2.69846022 1236.85433961]
299,98,1,[  1.82908188 567.6856078 ],[  0.41598046 309.15789121],[ 0.82661529 20.70060423],[   2.96696352 1348.79740336]
300,97,1,[  1.80592012 642.54619817],[  0.50342336 366.54899316],[ 0.78781489 30.81473767],[   3.35985325 1855.13012723]
301,96,1,[  1.9306148 601.9442139],[  0.53780085 408.87545857],[ 0.78781489 45.87896002],[   3.52790612 1855.13012723]
302,98,1,[  1.90319377 643.43755853],[  0.57165342 429.1670361 ],[ 0.78781489 53.78095147],[   3.6865425  1855.13012723]
303,94,1,[  1.87653481 712.85726363],[  0.59508072 497.54170751],[ 0.78781489 53.78095147],[   3.6865425  2161.44989941]
304,98,1,[  1.93004906 665.6638947 ],[  0.60827863 445.23710737],[ 1.02537486 50.42450693],[   4.19802476 2161.44989941]
305,97,2,[  1.33095024 293.43286896],[  0.49441503 139.99322601],[ 0.56262656 37.29496493],[  3.43985601 788.47913995]
306,98,2,[  1.51264052 305.14800818],[  0.55742959 147.73040246],[ 0.56262656 12.29205928],[  3.44784084 788.47913995]
307,96,2,[  1.5341601  332.95470706],[  0.64361787 156.93570689],[0.06782883 3.38451975],[  3.44784084 788.47913995]
308,96,2,[  1.66167164 322.0542089 ],[  0.66472554 166.14699325],[ 0.06782883 14.34398569],[  3.44784084 788.47913995]
309,98,2,[  1.67817642 333.35495822],[  0.6732163  163.46524062],[ 0.31877985 10.40965868],[  3.44784084 788.47913995]
310,96,2,[  1.69667947 358.03279681],[  0.69317021 259.82280876],[ 0.52720562 15.20516397],[   3.44784084 2340.46771857]
311,96,2,[  1.75975045 347.02457858],[  0.6792794  258.16119398],[ 0.47880808 50.27942312],[   3.51799136 2340.46771857]
312,94,2,[  1.79511686 345.70412836],[  0.68087752 261.2977925 ],[ 0.47880808 46.33597721],[   3.63257687 2340.46771857]
313,98,0,[  2.2823437  467.23446342],[1.07035829e+00 1.77594400e+03],[2.32885780e-04 1.17421183e+01],[4.44631323e+00 1.33927804e+04]
314,97,0,[  2.22483582 730.44526463],[1.06240376e+00 2.16766272e+03],[2.32885780e-04 3.14756397e+01],[4.56779022e+00 1.33927804e+04]
315,95,0,[  2.4112401  881.61882823],[1.22901173e+00 2.77222932e+03],[2.32885780e-04 1.00130235e+01],[5.54447328e+00 1.71947459e+04]
316,98,0,[   2.26369064 1150.16616027],[1.39930140e+00 3.03979609e+03],[2.32885780e-04 8.11604758e+00],[5.74343214e+00 1.71947459e+04]
317,98,0,[  2.5221152  880.45074069],[1.46132565e+00 2.82001407e+03],[2.32885780e-04 9.24889298e+00],[6.31774023e+00 1.71947459e+04]
318,97,0,[   2.48467929 1182.82771769],[1.53855213e+00 3.46021309e+03],[7.81135613e-03 9.24889298e+00],[6.31774023e+00 1.71947459e+04]
319,95,0,[   2.56180364 1061.08742858],[1.36622294e+00 4.24104910e+03],[5.94424368e-03 1.23884971e+01],[6.31774023e+00 3.31254033e+04]
320,99,0,[   2.63258532 1325.29310615],[1.47562234e+00 4.62587077e+03],[5.94424368e-03 1.23884971e+01],[6.31774023e+00 3.31254033e+04]
321,96,1,[  1.98382402 445.59206201],[  0.60510394 387.42552329],[ 0.83774268 10.68128341],[   5.07405637 1568.5959737 ]
322,97,1,[  1.8728531  611.17616342],[  0.66566103 456.62984075],[0.74437431 7.68576661],[   5.07405637 1917.03518821]
323,95,1,[  1.8455964  719.67145132],[  0.68478518 549.02030961],[0.29113713 7.68576661],[   5.07405637 2904.6430707 ]
324,99,1,[  1.82479268 803.17744844],[  0.80210958 605.2975725 ],[ 0.29113713 10.68128341],[   5.1900123 2904.6430707]
325,92,1,[  1.84536449 786.63348281],[  0.70821176 602.00471286],[ 0.29113713 11.23390144],[   5.1900123 2904.6430707]
326,97,1,[  1.82852707 862.97657336],[  0.80774206 612.84642801],[ 0.29113713 11.23390144],[   5.1900123 2904.6430707]
327,95,1,[  1.96143973 788.36217745],[  0.93487989 617.07739563],[ 0.29113713 11.23390144],[   5.1900123 2904.6430707]
328,89,1,[  2.04134134 785.42209305],[  1.00124459 699.82220539],[ 0.29113713 11.23390144],[   5.1900123 2904.6430707]
329,95,2,[  1.29949478 260.00603895],[  0.69456195 178.06870818],[0.35466019 8.54474772],[  2.84968349 778.76192694]
330,96,2,[  1.55506926 274.36198837],[  0.79177608 182.14355315],[0.35466019 5.28139492],[  3.01914309 778.76192694]
331,99,2,[  1.5596562  340.23075647],[  0.85927989 202.39118653],[0.08194939 5.02196083],[  3.38996944 842.09001356]
332,95,2,[  1.57434299 373.61536464],[  0.88832596 285.12357448],[0.08019535 5.02196083],[   3.38996944 2220.05410715]
333,93,2,[  1.5724993  435.42947249],[  0.97930701 407.21514921],[0.0780511  5.02196083],[   4.03162218 2400.65339276]
334,94,2,[  1.59816836 432.23532606],[  0.95199146 403.81919313],[0.0780511  5.02196083],[   4.03162218 2400.65339276]
335,98,2,[  1.59907764 464.53419095],[  1.00957798 448.03736662],[0.0780511  6.34628281],[   4.33983201 2400.65339276]
336,95,2,[  1.61804553 460.45315445],[  0.97338719 447.38920761],[0.0780511  7.42619901],[   4.33983201 2400.65339276]
337,93,0,[  2.26742639 247.491964  ],[  1.03681489 924.14163773],[0.03541883 3.83557214],[4.68631642e+00 9.35501581e+03]
338,100,0,[  2.03833418 593.73736111],[1.09486703e+00 1.98269552e+03],[1.04042241e-04 4.39012875e+00],[5.00100905e+00 1.26646508e+04]
339,92,0,[  2.03083439 970.88208747],[1.14639039e+00 2.69414410e+03],[1.04042241e-04 2.32307902e+00],[5.81173486e+00 1.26646508e+04]
340,99,0,[   2.04352744 1450.01866315],[1.35138248e+00 3.28898623e+03],[1.04042241e-04 2.32307902e+00],[5.81173486e+00 1.26646508e+04]
341,99,0,[   2.29246474 1107.83751266],[1.39884028e+00 3.11461248e+03],[9.25310925e-05 2.32307902e+00],[6.47910529e+00 1.26646508e+04]
342,98,0,[   2.23129625 1699.65836722],[1.56373082e+00 3.89010258e+03],[9.25310925e-05 3.71552279e+00],[6.47910529e+00 1.26646508e+04]
343,96,0,[   2.36931725 1854.65333788],[1.65470373e+00 4.99053114e+03],[1.04042241e-04 3.71552279e+00],[6.47910529e+00 3.71682940e+04]
344,96,0,[   2.43492004 1700.58777478],[1.62413759e+00 5.32093579e+03],[1.91875798e-03 4.09119300e+00],[6.9700592e+00 3.7168294e+04]
345,95,1,[  1.85679953 641.70304321],[  1.17295679 572.33411137],[0.2305297  5.37723021],[   6.04910988 1734.84002819]
346,96,1,[  1.93750929 786.55328663],[  1.2298514  640.74177306],[0.33156871 5.37723021],[   6.04910988 2858.75386244]
347,96,1,[  2.08535742 799.16928857],[  1.4072995  717.64831632],[0.33156871 4.73920264],[   6.04910988 2858.75386244]
348,97,1,[  2.17967154 864.48772861],[  1.5423155  797.39216052],[0.30454289 4.73920264],[   6.04910988 3208.55029916]
349,94,1,[   2.16613079 1012.50951282],[  1.56739821 951.85910934],[0.27805095 4.9278219 ],[   6.04910988 3597.46353242]
350,90,1,[  2.20804158 953.62079092],[  1.58097923 842.76148132],[0.27805095 4.9278219 ],[   6.04910988 3597.46353242]
351,95,1,[  2.42636431 845.31664234],[  1.5989166  937.03928733],[0.27805095 5.67202964],[   6.25656229 3597.46353242]
352,93,1,[  2.41123951 870.30630569],[  1.60452643 915.61307395],[0.27805095 5.85005756],[   6.25656229 3597.46353242]
353,97,2,[  1.48203936 347.60153642],[  1.23928761 231.17419285],[0.08194939 7.73219358],[   5.50993978 1017.50517689]
354,97,2,[  1.8843913 385.1105949],[  1.5296762  347.81942023],[0.08194939 3.93049262],[   6.37256683 1594.73412654]
355,97,2,[  1.87315465 400.62083017],[  1.55164087 347.6775057 ],[0.08540734 3.93049262],[   6.37256683 1594.73412654]
356,98,2,[  2.00186559 415.3327787 ],[  1.65901201 376.31214104],[0.08540734 6.91166131],[   6.89790949 1594.73412654]
357,96,2,[  2.07464071 432.73431253],[  1.70119343 411.9339246 ],[0.08540734 8.04307712],[   6.94934137 1594.73412654]
358,97,2,[  1.97835868 454.89128908],[  1.59125458 421.28900078],[0.08540734 9.35787179],[   7.08771994 1594.73412654]
359,96,2,[  1.99935131 459.38746139],[  1.58538422 432.85076835],[0.08540734 9.35787179],[   7.08771994 1599.56307483]
360,98,2,[  2.09793859 485.25652003],[  1.71528457 462.92561509],[0.49276515 9.35787179],[   7.16324739 1600.78990252]
361,99,0,[  2.94165377 174.48394349],[  1.5565943  743.81084383],[4.56930402e-04 4.66907624e+00],[7.25441079e+00 7.53838240e+03]
362,97,0,[  3.09488215 514.55361922],[1.76528936e+00 2.00973897e+03],[1.04055676e-03 4.67269077e+00],[7.25441079e+00 1.54834265e+04]
363,96,0,[   3.29390605 1298.18146389],[1.92343695e+00 5.12729800e+03],[4.07597729e-03 4.83978493e+00],[7.26016918e+00 3.39669291e+04]
364,95,0,[   3.08608152 2084.09262137],[1.91072042e+00 6.29191983e+03],[4.07597729e-03 4.88146816e+00],[7.41535628e+00 3.39669291e+04]
365,94,0,[2.92089901e+00 3.11317504e+03],[2.11283148e+00 7.44102979e+03],[4.07597729e-03 5.27280195e+00],[7.57472113e+00 3.39669291e+04]
366,99,0,[2.46558339e+00 4.49940833e+03],[2.06238454e+00 8.56549865e+03],[4.07597729e-03 5.27280195e+00],[7.57472113e+00 3.39669291e+04]
367,86,0,[2.17507042e+00 4.26760593e+03],[1.74054231e+00 8.26870229e+03],[1.52766533e-03 1.23826694e+01],[7.57752543e+00 3.50121454e+04]
368,93,0,[2.38643516e+00 3.15657596e+03],[1.64750569e+00 7.64065933e+03],[4.01082073e-03 1.23826694e+01],[7.57752543e+00 3.55467773e+04]
369,95,1,[  1.14494247 294.45365248],[  0.91483439 548.84817533],[-7.27092071e-02 -1.00000000e+02],[2.89324760e+00 3.24624093e+03]
370,98,1,[  1.73301957 443.10372617],[  0.75002515 577.32721831],[ 0.19037821 17.07512541],[3.14598962e+00 3.24624093e+03]
371,93,1,[  1.81280272 655.06389854],[  0.84614258 735.41709198],[0.19037821 8.88679195],[   4.48130471 3246.24092982]
372,94,1,[  1.89852332 775.96872762],[  0.93315493 885.60513355],[0.30533056 8.88679195],[   5.30518977 3246.24092982]
373,97,1,[  1.86148663 901.1438756 ],[9.19410072e-01 9.79414296e+02],[0.28776303 8.88679195],[   5.30518977 3246.24092982]
374,95,1,[  1.96136169 946.86075697],[   1.04118417 1011.38422778],[0.28776303 8.88679195],[   5.30518977 3246.24092982]
375,99,1,[   1.87632379 1232.99675768],[1.12398876e+00 1.12920765e+03],[ 0.28776303 10.74183248],[   5.30518977 3371.16888167]
376,98,1,[   1.93480143 1242.2627699 ],[   1.19036313 1138.96972026],[ 0.28776303 11.4425912 ],[   5.30518977 3371.16888167]
377,100,2,[  1.47095797 327.33158299],[  0.96021716 292.74115792],[0.42591116 6.03247715],[   4.03652095 1430.24266618]
378,99,2,[  1.54964425 377.67270924],[  1.09987729 342.58697474],[0.42591116 6.3193516 ],[   4.66478506 1430.24266618]
379,98,2,[  1.40263834 494.68263143],[  1.08875621 411.41871789],[ 0.26419204 19.94860889],[   4.66478506 1566.30804713]
380,96,2,[  1.53369091 566.49700395],[  1.19097184 583.55700584],[ 0.26419204 21.2833204 ],[   4.66478506 4174.58993139]
381,100,2,[  1.42095952 719.39271093],[  1.15548043 726.59840849],[ 0.26419204 24.21850752],[   4.84365515 4174.58993139]
382,89,2,[  1.38493175 760.20846732],[  1.1215744 769.5696403],[ 0.26419204 40.72492369],[   4.84365515 4174.58993139]
383,91,2,[  1.49231118 849.65300552],[   1.13085073 1091.08973713],[ 0.47141207 46.58233795],[4.89415799e+00 5.15206667e+03]
384,92,2,[  1.46928713 998.90019524],[1.14123303e+00 1.25556838e+03],[ 0.47141207 46.58233795],[4.89415799e+00 5.15206667e+03]
385,92,0,[  2.41160349 165.0743508 ],[  0.92948536 321.80141646],[1.13609211e-02 2.05450928e+01],[   4.88792136 3237.02260083]
386,99,0,[  2.53907695 739.4866069 ],[1.29386826e+00 2.92805854e+03],[1.41341963e-04 5.68258163e+00],[6.59282670e+00 2.45478646e+04]
387,99,0,[  2.88215687 765.75584393],[1.56791007e+00 3.06857731e+03],[1.41341963e-04 4.83107476e+00],[7.07223681e+00 2.45478646e+04]
388,96,0,[   2.86292573 1240.80805952],[1.59651790e+00 4.86266915e+03],[1.41341963e-04 5.74547141e+00],[7.27890064e+00 3.75303303e+04]
389,95,0,[   3.00155263 1614.05320333],[1.80927888e+00 6.05540816e+03],[1.41341963e-04 5.74547141e+00],[7.33546286e+00 3.75303303e+04]
390,98,0,[   2.84143695 1960.07895203],[1.80440544e+00 6.75904351e+03],[0.00375042 1.91668736],[7.33546286e+00 3.75303303e+04]
391,95,0,[   2.85037836 1675.91984389],[1.70327360e+00 6.62284393e+03],[0.01047586 1.98129019],[7.49755554e+00 3.75303303e+04]
392,99,0,[   2.82619067 2536.04741855],[1.87992097e+00 8.33662784e+03],[0.01047586 1.98129019],[7.49755554e+00 3.75303303e+04]
393,95,1,[  1.99189447 349.07513181],[  0.76994736 421.6292183 ],[0.00275816 2.06008393],[   4.79572439 2514.11015543]
394,98,1,[  2.10699662 421.20910242],[  0.78943996 465.0755497 ],[0.87265633 1.60394246],[   5.01378953 2514.11015543]
395,98,1,[  2.13124962 558.90471155],[  0.93031281 568.83945556],[0.81929963 1.95068094],[   5.94405408 2514.11015543]
396,90,1,[  2.08899849 670.55879463],[  0.92001746 697.42797453],[1.03137162 5.31231593],[   6.14515815 2822.17405265]
397,92,1,[  2.00397972 843.84262685],[  1.05168911 782.90951008],[1.01089019 5.31231593],[   6.14515815 3261.9869143 ]
398,98,1,[  2.03356945 907.9034854 ],[  1.18810767 848.36141219],[0.27889475 5.31231593],[   6.14515815 3548.91428166]
399,95,1,[  2.10949749 983.79553539],[  1.3200848  934.69494425],[0.27889475 5.31231593],[   6.14515815 3548.91428166]
400,100,1,[   1.98174774 1072.46623687],[  1.14375038 965.1267243 ],[0.27889475 6.03758733],[   6.39864563 3548.91428166]
401,95,2,[  1.23997482 329.88745961],[  0.85050896 213.36214747],[0.48085756 3.68031845],[  5.50953943 833.4653826 ]
402,98,2,[  1.45037051 344.838371  ],[  1.07841959 244.45208195],[0.07770861 3.66829674],[  5.50953943 890.75872681]
403,97,2,[  1.75362965 322.84296926],[  1.32163122 253.84642556],[0.35132746 3.68031845],[  5.82526754 890.75872681]
404,98,2,[  1.93861429 336.2665932 ],[  1.4852991  275.19834664],[0.51436859 3.68031845],[   5.82526754 1213.97687055]
405,91,2,[  2.16404494 344.96110653],[  1.59220908 318.14866843],[0.17620739 3.68031845],[   5.82526754 1215.1557208 ]
406,97,2,[  2.03153681 377.12439891],[  1.50397622 326.41436689],[0.30815992 4.09667948],[   6.1604019 1215.1557208]
407,94,2,[  1.99434021 391.43552427],[  1.46347972 339.68720053],[0.51436859 4.4248978 ],[   6.1604019 1215.1557208]
408,95,2,[  1.8046538  454.76936327],[  1.42492646 351.20267515],[0.51436859 4.66831909],[   7.29943367 1215.1557208 ]
409,97,0,[  2.87575715 267.39543156],[  1.43823892 869.200194  ],[2.59546068e-04 1.83193874e+00],[   7.09943156 4810.7709612 ]
410,98,0,[  2.95959828 366.69657167],[   1.51343961 1244.16954178],[2.59546068e-04 2.50681501e+00],[7.09943156e+00 9.23359635e+03]
411,98,0,[  2.88757006 480.45928244],[1.52928240e+00 1.68238429e+03],[0.0184728  3.76083365],[7.09943156e+00 9.35501581e+03]
412,98,0,[  2.98677636 808.47484409],[1.74720321e+00 2.55633367e+03],[0.01978358 3.89280447],[7.09943156e+00 1.31884264e+04]
413,97,0,[  3.23016296 528.44307091],[1.75785667e+00 2.08057667e+03],[0.03484976 3.92189961],[7.09943156e+00 1.31884264e+04]
414,96,0,[  3.3010257  760.13682784],[1.80705816e+00 2.62064952e+03],[0.03484976 3.92189961],[7.09943156e+00 1.31884264e+04]
415,96,0,[  3.35433875 865.32812083],[1.92382992e+00 2.79218626e+03],[0.03484976 3.92189961],[7.09943156e+00 1.31884264e+04]
416,93,0,[   3.44672528 1128.11750195],[2.10136429e+00 3.27910278e+03],[0.03484976 3.92189961],[7.09943156e+00 1.31884264e+04]
417,98,1,[  2.80870327 253.41121045],[  1.83343314 307.34352828],[0.27459904 3.92926137],[   6.98480518 1333.75173587]
418,96,1,[  2.98201225 327.17688659],[  1.96937136 374.8769225 ],[0.27459904 3.40276002],[   6.98480518 1586.92299971]
419,95,1,[  2.91772249 393.26465953],[  1.94850675 452.13596076],[1.04672564 5.11666312],[   6.98480518 1954.16459456]
420,92,1,[  2.97585366 479.77808287],[  1.99686961 549.20241228],[1.01732267 5.9131131 ],[   6.98480518 2230.26333425]
421,96,1,[  2.94257831 522.63931438],[  1.95393482 588.38761895],[1.01732267 6.17819935],[   6.98480518 2230.26333425]
422,92,1,[  2.8845672  629.73976452],[  2.03513936 674.41136364],[0.98949539 6.17819935],[   6.98480518 2590.41875581]
423,96,1,[  2.98594182 683.49656775],[  2.11158551 749.7947314 ],[0.98949539 6.17819935],[   6.98480518 3127.2737432 ]
424,97,1,[  2.80243803 791.09855559],[  2.08034731 798.76651887],[0.98949539 6.17819935],[   6.98480518 3127.2737432 ]
425,97,2,[  1.6333806  391.18019239],[  1.98877594 250.78744715],[0.24258597 6.48340234],[  7.3021122  988.95143877]
426,96,2,[  1.74862042 433.24256038],[  2.01141365 294.18481205],[0.28308854 7.69477108],[   7.3021122  1214.63531488]
427,92,2,[  1.4659847  468.80409443],[  1.48536536 327.78865293],[0.28308854 8.75724517],[   7.30272141 2089.8004029 ]
428,96,2,[  1.37568943 640.67832578],[  1.38218816 632.38607654],[0.22592627 8.75724517],[   7.30272141 4149.27998548]
429,97,2,[  1.46232482 736.68016982],[  1.39871311 890.48158614],[0.22592627 8.78045419],[   7.95770641 5176.09623575]
430,92,2,[  1.57388269 917.43190906],[   1.45732834 1079.70391211],[0.22592627 8.78045419],[   7.95770641 5176.09623575]
431,92,2,[   1.60568329 1044.51577106],[   1.41964798 1277.4005423 ],[0.44131024 8.78159237],[   7.95770641 5176.09623575]
432,96,2,[   1.69072461 1109.20763688],[   1.45710016 1385.42415148],[0.44131024 8.97324612],[   7.95770641 5176.09623575]
433,98,0,[  2.84776347 275.05828572],[  1.78085162 951.64503763],[0.00899787 3.90190723],[7.65310439e+00 9.35501581e+03]
434,99,0,[  2.81643635 928.25334573],[1.82506678e+00 3.80225253e+03],[2.85862768e-03 4.24232874e+00],[7.65310439e+00 3.32733810e+04]
435,100,0,[   2.70137188 1440.32382716],[1.75955676e+00 5.41090885e+03],[2.85862768e-03 4.36538863e+00],[7.65310439e+00 3.72491090e+04]
436,96,0,[   2.95184916 2216.50408595],[2.05758847e+00 6.57078470e+03],[2.85862768e-03 4.36538863e+00],[7.65310439e+00 3.72491090e+04]
437,100,0,[2.72654788e+00 2.79089679e+03],[1.98693904e+00 7.09520786e+03],[2.85862768e-03 4.55014319e+00],[8.10925115e+00 3.72491090e+04]
438,92,0,[2.51925236e+00 3.84535097e+03],[2.05887933e+00 8.18587557e+03],[2.85862768e-03 4.55014319e+00],[8.10925115e+00 3.72491090e+04]
439,95,0,[2.19849376e+00 4.83502306e+03],[2.01164125e+00 9.49295043e+03],[2.85862768e-03 5.06483785e+00],[8.10925115e+00 3.72491090e+04]
440,95,0,[2.17238466e+00 3.95924808e+03],[1.96474611e+00 7.62813132e+03],[3.10370825e-03 5.40693471e+00],[8.10925115e+00 3.72491090e+04]
441,98,1,[  1.56665649 144.9321864 ],[  0.93598632 160.11089658],[-2.91167273e-02 -1.00000000e+02],[  4.01664118 461.88171863]
442,96,1,[  2.18749236 250.91819773],[  0.5557599  123.71638483],[ 0.46439009 16.99462054],[  4.17889662 656.90777013]
443,98,1,[  2.28209687 273.33513902],[  0.52699957 128.56245628],[1.70741575 8.27854909],[  4.17889662 656.90777013]
444,97,1,[  2.36824785 274.20711781],[  0.59474244 154.55771529],[0.85221413 8.27854909],[  4.17889662 656.90777013]
445,95,1,[  2.46153716 277.79968452],[  0.72030686 182.16719275],[0.84757489 8.27854909],[  4.17889662 720.35950179]
446,94,1,[  2.43739553 305.80673706],[  0.72981435 184.74216299],[0.85221413 9.79189433],[  4.53975321 720.35950179]
447,99,1,[  2.37465925 324.88341959],[  0.70138031 182.19738088],[ 0.77484906 27.86645841],[  4.53975321 724.28828175]
448,97,1,[  2.45366596 326.3944863 ],[  0.73916248 208.63718748],[ 0.77484906 37.91870597],[   4.53975321 1083.51657366]
449,94,2,[  1.88117461 179.86476856],[ 0.67016396 94.77925086],[ 0.04935722 17.37259261],[  3.75141977 542.18482735]
450,94,2,[  2.07920495 202.53951211],[  0.68811664 104.80252912],[ 0.04935722 23.17297608],[  3.75141977 542.18482735]
451,98,2,[  2.09929673 230.11011496],[  0.74195458 139.85544637],[ 0.04935722 11.95067396],[  4.05046754 996.51799077]
452,95,2,[  2.10833923 250.63863827],[  0.83355256 157.98952954],[ 0.04935722 16.23855287],[  4.05046754 996.51799077]
453,95,2,[  2.11504956 269.00635225],[  0.93299874 192.40524794],[ 0.05217802 20.22366922],[  4.26238644 996.51799077]
454,97,2,[  2.19230552 273.49865286],[  1.03292862 229.06123581],[0.05344252 3.0211462 ],[   4.90339814 1476.888278  ]
455,96,2,[  2.23810441 276.03450398],[  0.89716682 306.07888497],[0.0782742 3.0211462],[   4.90339814 2382.08303452]
456,96,2,[  2.19586481 327.38261303],[  0.98877792 436.60790265],[0.0782742 3.0211462],[   4.90339814 2382.08303452]
457,98,0,[ 3.14327939 99.02098045],[  0.82265731 264.38999883],[0.0240792  1.14140281],[   4.71389817 2692.30628052]
458,96,0,[  3.09429294 122.1159011 ],[  1.06378286 287.67820618],[0.00148717 1.33255596],[   4.96452813 2692.30628052]
459,99,0,[  3.11926023 192.14004029],[  1.28012077 530.73171364],[0.00148717 0.6237422 ],[   6.93453029 3690.35761322]
460,94,0,[  2.93792606 320.51971627],[   1.36849402 1120.31919777],[5.18840266e-03 6.83548787e+00],[6.93453029e+00 9.35501581e+03]
461,96,0,[  2.89552303 873.05792479],[1.52944418e+00 2.73821999e+03],[0.0079199  6.70315604],[6.93453029e+00 1.52066033e+04]
462,96,0,[   2.93888586 1766.2094521 ],[1.63333284e+00 5.62495362e+03],[2.76674977e-03 6.70315604e+00],[6.93453029e+00 3.70230011e+04]
463,96,0,[   2.97659195 1845.6803357 ],[1.58624883e+00 6.45571048e+03],[0.00276675 2.1622287 ],[6.96093194e+00 3.70230011e+04]
464,95,0,[   2.85315172 2113.26155052],[1.54229343e+00 6.99541448e+03],[2.76674977e-03 7.62787632e+00],[7.02124210e+00 3.70230011e+04]
465,98,1,[  2.12358723 301.6884678 ],[  0.58017491 200.6961784 ],[0.33899909 6.19849438],[  4.07699518 879.96405453]
466,93,1,[  2.20088226 313.87791279],[  0.49296184 194.18013927],[0.90638993 4.22004196],[  4.07699518 879.96405453]
467,97,1,[  2.16389922 377.58547827],[  0.5859377  244.73217861],[ 0.90368361 12.80513691],[   4.07699518 1048.50169242]
468,99,1,[  2.16085147 394.80730841],[  0.5870893  260.92274125],[ 0.80218548 12.80513691],[   4.07699518 1613.81599566]
469,93,1,[  2.10044659 464.03034693],[  0.64354225 343.65384031],[ 0.22687537 10.99265968],[   4.12428445 2204.88886739]
470,99,1,[  2.06538159 503.1405785 ],[  0.7359143 380.9990383],[ 0.22687537 10.99265968],[   4.12428445 2204.88886739]
471,96,1,[  2.07969576 544.35953412],[  0.78231586 532.23406241],[ 0.09519925 10.99265968],[   4.12428445 4034.64408668]
472,97,1,[  2.09557094 563.87747113],[  0.87677217 556.91366317],[ 0.09519925 10.99265968],[   4.12428445 4034.64408668]
473,95,2,[  1.35984325 178.41961971],[  0.72511773 126.28182507],[0.10167591 5.56381794],[  3.24663654 455.34371396]
474,98,2,[  1.7204028  188.68919509],[  0.75652274 139.32746743],[ 0.45171475 10.20460944],[  3.26880226 524.07271332]
475,98,2,[  1.84247468 225.80897757],[  0.87399269 194.29656953],[0.20194489 9.69316894],[   3.4802307  1521.38393045]
476,99,2,[  2.00048903 226.98662947],[  0.83646701 217.28891543],[0.20194489 1.87220484],[   3.4802307  1521.38393045]
477,97,2,[  2.00214431 263.67268919],[  0.87236079 249.93691714],[0.19655057 1.87220484],[   3.4802307  1521.38393045]
478,97,2,[  1.87447225 355.9108372 ],[  0.9810532  367.22089655],[0.17365137 1.87220484],[   3.49686262 1918.70454349]
479,100,2,[  1.69949507 425.63740653],[  1.02844587 412.24949017],[0.07770861 1.87220484],[   3.64244986 1918.70454349]
480,93,2,[  1.54022926 572.61327891],[  1.07844438 543.53347482],[0.16912672 9.69316894],[   3.64244986 1918.70454349]
481,97,0,[  2.35328228 244.87207871],[  1.4380114  792.00058397],[4.05408584e-04 8.00981242e+00],[5.43512089e+00 7.53838240e+03]
482,98,0,[  2.35939743 587.66821186],[   1.58705402 1568.48864465],[2.11163306e-04 5.60263092e+00],[5.43512089e+00 7.81632316e+03]
483,92,0,[  2.61276751 597.25065644],[1.53045776e+00 1.73437825e+03],[0.01405161 5.60263092],[5.54436059e+00 8.15486091e+03]
484,91,0,[  2.74269714 956.97268036],[1.66054646e+00 4.13560515e+03],[1.24508373e-03 2.71423804e+00],[6.56695566e+00 3.74790381e+04]
485,96,0,[   2.72265784 1848.54343236],[1.78971333e+00 6.63850751e+03],[1.24508373e-03 2.71423804e+00],[6.57694884e+00 3.74790381e+04]
486,97,0,[   2.83196472 2084.35617717],[1.83288977e+00 6.77082521e+03],[1.24508373e-03 3.87918652e+00],[7.11755307e+00 3.74790381e+04]
487,98,0,[   2.99812249 1733.95917026],[1.72315658e+00 6.69341925e+03],[1.24508373e-03 3.87918652e+00],[7.11755307e+00 3.74790381e+04]
488,98,0,[   3.03089874 2477.64374929],[1.80165421e+00 8.35229393e+03],[1.24508373e-03 4.13782551e+00],[7.11755307e+00 3.74790381e+04]
489,95,1,[  2.23215222 264.17113893],[  1.01800533 200.20845956],[0.79024518 5.66910588],[   6.53614716 1105.33872667]
490,95,1,[  2.33363254 319.91892137],[  1.05405582 232.85717733],[0.8187314  5.94599717],[   6.56822758 1105.33872667]
491,96,1,[  2.31926516 357.18179916],[  1.0602247  258.56650452],[0.79953643 6.02309938],[   6.77473689 1105.33872667]
492,100,1,[  2.37730745 371.78200816],[  1.13737859 291.28805209],[0.56696221 6.18158263],[   7.00574188 1317.3769712 ]
493,97,1,[  2.32281872 419.8886449 ],[  1.10523186 329.36166274],[0.56696221 7.02990599],[   7.00574188 1464.04540166]
494,92,1,[  2.30269838 460.50801386],[  1.16320004 345.41519136],[0.56696221 7.02990599],[   7.00574188 1464.04540166]
495,99,1,[  2.32828352 477.11255773],[  1.23649245 351.7936391 ],[0.56696221 7.02990599],[   7.00574188 1464.04540166]
496,94,1,[  2.50924878 474.35860622],[  1.41717767 375.26271576],[0.56696221 7.02990599],[   7.00574188 1464.04540166]
497,97,2,[  1.81622794 226.62518922],[  0.88486136 163.38933094],[0.08194939 5.69166386],[  6.27879846 842.09001356]
498,98,2,[  2.04125065 254.85914126],[  0.93287126 180.30907999],[0.08194939 5.69166386],[  6.27879846 842.09001356]
499,99,2,[  2.06966584 281.1545006 ],[  1.03455209 185.77090725],[0.08194939 5.06596221],[  6.27879846 842.09001356]
500,93,2,[  2.07693936 314.12084788],[  1.24570603 230.91665199],[0.07770861 5.69166386],[   6.27879846 1476.888278  ]
